keyword,type,monthly_volume,difficulty,intent,parent_keyword,priority_score,language
rentabilizar imóvel,main,8,15,commercial,N/A,16.00,pt-BR
como rentabilizar imóvel,long-tail,12,12,informational,rentabilizar imóvel,18.00,pt-BR
melhor forma de rentabilizar imóvel,long-tail,8,10,commercial,rentabilizar imóvel,16.00,pt-BR
rentabilizar imóvel com airbnb,long-tail,6,14,commercial,rentabilizar imóvel,15.00,pt-BR
rentabilizar imóvel aluguel temporada,long-tail,5,13,commercial,rentabilizar imóvel,14.00,pt-BR
dicas para rentabilizar imóvel,long-tail,7,11,informational,rentabilizar imóvel,16.00,pt-BR
guia completo rentabilizar imóvel,long-tail,4,10,informational,rentabilizar imóvel,12.00,pt-BR
rentabilizar imóvel portugal,long-tail,3,8,commercial,rentabilizar imóvel,9.00,pt-PT
estratégia rentabilizar imóvel,long-tail,5,12,informational,rentabilizar imóvel,14.00,pt-BR
rentabilizar imóvel rápido,long-tail,4,11,commercial,rentabilizar imóvel,12.00,pt-BR
rentabilizar imóvel sem agência,long-tail,3,9,commercial,rentabilizar imóvel,10.00,pt-BR
rentabilizar imóvel passo a passo,long-tail,6,11,informational,rentabilizar imóvel,15.00,pt-BR
rentabilizar imóvel para iniciantes,long-tail,5,10,informational,rentabilizar imóvel,14.00,pt-BR
rentabilizar imóvel booking.com,long-tail,4,13,commercial,rentabilizar imóvel,12.00,pt-BR
rentabilizar imóvel investimento,long-tail,7,14,commercial,rentabilizar imóvel,17.00,pt-BR
como aumentar lucro aluguel imóvel,long-tail,8,12,commercial,rentabilizar imóvel,17.00,pt-BR
rentabilizar imóvel técnicas,long-tail,3,10,informational,rentabilizar imóvel,10.00,pt-BR
rentabilizar imóvel ferramentas,long-tail,3,11,informational,rentabilizar imóvel,10.00,pt-BR
rentabilizar imóvel calculadora,long-tail,5,12,commercial,rentabilizar imóvel,14.00,pt-BR
rentabilizar imóvel 2026,long-tail,2,10,informational,rentabilizar imóvel,8.00,pt-BR
deduções fiscais aluguel,main,5,10,informational,N/A,5.00,pt-BR
quais deduções fiscais aluguel,long-tail,6,9,informational,deduções fiscais aluguel,12.00,pt-BR
deduções fiscais aluguel irpf,long-tail,4,8,informational,deduções fiscais aluguel,10.00,pt-BR
como funciona deduções fiscais aluguel,long-tail,5,9,informational,deduções fiscais aluguel,11.00,pt-BR
deduções fiscais aluguel temporada,long-tail,4,9,informational,deduções fiscais aluguel,10.00,pt-BR
deduções permitidas aluguel propriedade,long-tail,5,10,informational,deduções fiscais aluguel,11.00,pt-BR
deduções aluguel airbnb,long-tail,6,8,informational,deduções fiscais aluguel,12.00,pt-BR
deduções fiscais aluguel portugal,long-tail,3,8,informational,deduções fiscais aluguel,8.00,pt-PT
guia deduções fiscais aluguel,long-tail,4,9,informational,deduções fiscais aluguel,10.00,pt-BR
deduções aluguel condomínio,long-tail,3,8,informational,deduções fiscais aluguel,8.00,pt-BR
deduções imóvel alugado tabela,long-tail,4,9,informational,deduções fiscais aluguel,10.00,pt-BR
imposto renda deduções aluguel,long-tail,5,9,informational,deduções fiscais aluguel,11.00,pt-BR
deduções aluguel 2026,long-tail,3,8,informational,deduções fiscais aluguel,8.00,pt-BR
deduções aluguel reforma,long-tail,4,8,informational,deduções fiscais aluguel,9.00,pt-BR
deduções aluguel documentos necessários,long-tail,3,7,informational,deduções fiscais aluguel,8.00,pt-BR
gestão imóvel alugado,main,8,15,commercial,N/A,16.00,pt-BR
como gerir imóvel alugado,long-tail,10,12,informational,gestão imóvel alugado,18.00,pt-BR
ferramentas gestão imóvel alugado,long-tail,6,13,commercial,gestão imóvel alugado,15.00,pt-BR
plataforma gestão aluguel imóvel,long-tail,7,14,commercial,gestão imóvel alugado,16.00,pt-BR
gestão imóvel alugado dicas,long-tail,5,11,informational,gestão imóvel alugado,13.00,pt-BR
sistema gestão propriedade aluguel,long-tail,5,13,commercial,gestão imóvel alugado,14.00,pt-BR
gestão imóvel alugado online,long-tail,6,12,commercial,gestão imóvel alugado,15.00,pt-BR
gestão imóvel alugado para iniciantes,long-tail,5,11,informational,gestão imóvel alugado,13.00,pt-BR
gestão imóvel alugado automática,long-tail,4,12,commercial,gestão imóvel alugado,12.00,pt-BR
gestão imóvel alugado portugal,long-tail,4,10,commercial,gestão imóvel alugado,12.00,pt-PT
gestão imóvel alugado booking,long-tail,5,12,commercial,gestão imóvel alugado,14.00,pt-BR
gestão imóvel alugado airbnb,long-tail,6,13,commercial,gestão imóvel alugado,15.00,pt-BR
guia completo gestão imóvel alugado,long-tail,4,11,informational,gestão imóvel alugado,12.00,pt-BR
gestão imóvel alugado checklist,long-tail,3,10,informational,gestão imóvel alugado,9.00,pt-BR
gestão imóvel alugado software,long-tail,5,13,commercial,gestão imóvel alugado,14.00,pt-BR
gestão imóvel alugado grátis,long-tail,4,11,commercial,gestão imóvel alugado,12.00,pt-BR
vacation rental lucro,main,6,18,commercial,N/A,12.00,pt-BR
como ganhar lucro vacation rental,long-tail,8,15,commercial,vacation rental lucro,17.00,pt-BR
vacation rental lucro estratégia,long-tail,5,16,commercial,vacation rental lucro,14.00,pt-BR
vacation rental lucro calculadora,long-tail,4,14,commercial,vacation rental lucro,12.00,pt-BR
vacation rental lucro margem,long-tail,4,14,informational,vacation rental lucro,11.00,pt-BR
vacation rental lucro impostos,long-tail,5,14,informational,vacation rental lucro,12.00,pt-BR
vacation rental lucro dicas,long-tail,6,13,informational,vacation rental lucro,14.00,pt-BR
como maximizar lucro vacation rental,long-tail,6,15,commercial,vacation rental lucro,15.00,pt-BR
vacation rental lucro brasil,long-tail,4,15,commercial,vacation rental lucro,12.00,pt-BR
vacation rental lucro portugal,long-tail,3,14,commercial,vacation rental lucro,10.00,pt-PT
vacation rental lucro airbnb,long-tail,7,17,commercial,vacation rental lucro,16.00,pt-BR
vacation rental lucro booking,long-tail,6,16,commercial,vacation rental lucro,15.00,pt-BR
vacation rental lucro por quarto,long-tail,3,13,informational,vacation rental lucro,9.00,pt-BR
aluguel turistas internacionais,main,4,12,informational,N/A,4.00,pt-BR
como alugar para turistas internacionais,long-tail,6,10,informational,aluguel turistas internacionais,14.00,pt-BR
dicas aluguel turistas internacionais,long-tail,5,11,informational,aluguel turistas internacionais,12.00,pt-BR
guia aluguel turistas internacionais,long-tail,4,10,informational,aluguel turistas internacionais,11.00,pt-BR
aluguel turistas internacionais airbnb,long-tail,6,11,commercial,aluguel turistas internacionais,14.00,pt-BR
aluguel turistas internacionais booking,long-tail,5,11,commercial,aluguel turistas internacionais,12.00,pt-BR
aluguel turistas internacionais portugal,long-tail,4,9,informational,aluguel turistas internacionais,10.00,pt-PT
aluguel turistas internacionais brasil,long-tail,3,11,informational,aluguel turistas internacionais,8.00,pt-BR
aluguel turistas internacionais impostos,long-tail,4,10,informational,aluguel turistas internacionais,10.00,pt-BR
como atrair turistas internacionais,long-tail,6,10,informational,aluguel turistas internacionais,14.00,pt-BR
aluguel turistas internacionais experiência,long-tail,3,9,informational,aluguel turistas internacionais,8.00,pt-BR
aluguel turistas internacionais idioma,long-tail,2,8,informational,aluguel turistas internacionais,6.00,pt-BR
aluguel turistas internacionais seguro,long-tail,3,9,informational,aluguel turistas internacionais,8.00,pt-BR
aluguel turistas internacionais documentação,long-tail,2,8,informational,aluguel turistas internacionais,6.00,pt-BR
diferencial competitivo propriedade,main,3,20,informational,N/A,1.50,pt-BR
qual diferencial competitivo propriedade,long-tail,4,18,informational,diferencial competitivo propriedade,8.00,pt-BR
diferencial competitivo propriedade dicas,long-tail,3,17,informational,diferencial competitivo propriedade,7.00,pt-BR
diferencial competitivo propriedade estratégia,long-tail,3,18,informational,diferencial competitivo propriedade,7.00,pt-BR
como criar diferencial competitivo propriedade,long-tail,4,17,informational,diferencial competitivo propriedade,9.00,pt-BR
diferencial competitivo propriedade aluguel,long-tail,3,17,commercial,diferencial competitivo propriedade,7.00,pt-BR
diferencial competitivo propriedade imóvel,long-tail,2,19,informational,diferencial competitivo propriedade,5.00,pt-BR
diferencial competitivo propriedade portugal,long-tail,2,16,informational,diferencial competitivo propriedade,5.00,pt-PT
diferencial competitivo propriedade exemplo,long-tail,3,17,informational,diferencial competitivo propriedade,7.00,pt-BR
diferencial competitivo propriedade mercado,long-tail,2,18,informational,diferencial competitivo propriedade,5.00,pt-BR
vantagem competitiva propriedade aluguel,long-tail,3,17,commercial,diferencial competitivo propriedade,7.00,pt-BR
diferencial competitivo imóvel turismo,long-tail,3,17,commercial,diferencial competitivo propriedade,7.00,pt-BR
como maximizar lucros aluguel,main,5,14,informational,N/A,10.00,pt-BR
dicas maximizar lucros aluguel,long-tail,6,12,informational,como maximizar lucros aluguel,14.00,pt-BR
estratégia maximizar lucros aluguel,long-tail,5,13,commercial,como maximizar lucros aluguel,13.00,pt-BR
guia maximizar lucros aluguel,long-tail,4,12,informational,como maximizar lucros aluguel,11.00,pt-BR
como aumentar lucros aluguel,long-tail,7,13,commercial,como maximizar lucros aluguel,15.00,pt-BR
maximizar lucros aluguel airbnb,long-tail,6,13,commercial,como maximizar lucros aluguel,14.00,pt-BR
maximizar lucros aluguel booking,long-tail,5,13,commercial,como maximizar lucros aluguel,13.00,pt-BR
técnicas maximizar lucros aluguel,long-tail,4,12,informational,como maximizar lucros aluguel,11.00,pt-BR
maximizar lucros aluguel preço,long-tail,5,12,commercial,como maximizar lucros aluguel,12.00,pt-BR
maximizar lucros aluguel occupancy,long-tail,3,11,commercial,como maximizar lucros aluguel,9.00,pt-BR
maximizar lucros aluguel temporada,long-tail,5,12,commercial,como maximizar lucros aluguel,13.00,pt-BR
maximizar lucros aluguel investimento,long-tail,4,13,commercial,como maximizar lucros aluguel,12.00,pt-BR
maximizar lucros aluguel portugal,long-tail,3,11,commercial,como maximizar lucros aluguel,9.00,pt-PT
maximizar lucros aluguel brasil,long-tail,4,13,commercial,como maximizar lucros aluguel,11.00,pt-BR
calculadora maximizar lucros aluguel,long-tail,3,12,commercial,como maximizar lucros aluguel,9.00,pt-BR
